image_id,pixels
a7cb1fff3b,12465 10 32534 10
3d17d9c95c,12463 14
1ccf222fde,12437 12
eb1642aebc,
982841b3e6,135132 13
81c5ff3f3f,
15adc2c52d,9396 8 12432 17
74dc0638ee,
18cb18b85b,
95f38a4e55,7604 23 10655 2 12458 38 12601 11
369e3f3670,12433 20 12465 6
554534ee5c,44293 6
3ea6cc8af8,9395 8
1af2552775,
69731ea642,9410 29 9448 12 12461 15
1f1f68ddf6,
b5b753035c,12439 3
4dbd4338c2,
3cb04280d3,
54c6eacb70,12453 27
7a0ad01697,
50fec20189,9389 14 12429 17
adf43072f5,7605 7 12457 22
827bcfa4b7,
4059063900,12438 5
42fdb16062,12432 14
745c160aa7,12434 11
053e15c520,9418 15 12458 31
d2044d528f,9395 10 12429 22
f6ef3afb75,9457 6 12462 50 14325 10
ebc52211f1,12470 5
6b9f943caf,
0248553a05,
f2fd7c1acc,
b5cd9856a2,
a276222183,232188 2
2ea3a67307,7622 5 12462 29
4364624aed,9223 4 9229 20 9407 4 12439 13
d7a3a0f96b,207832 22 209632 34 210873 37 211446 32 212119 18 212679 41 213260 20 213920 38 214482 45 215729 42 216302 30 217539 37 218118 17 218781 35 219346 33 220591 35 221159 1 221175 6 222403 24 224217 7
fc0ae447ed,
64c18bb89b,12442 1 34798 25 37841 20
4ca67f1931,7600 1 7602 1 12469 1
8fab0af2a3,
487845f937,
2d8e8d6726,12449 50
7bea1003e3,12437 5
8768312ebd,9395 16 12431 26 17305 6
109cb10462,9394 8 12429 27
dc67c99851,9390 15 12431 22 43851 2
f87b2b52c0,9396 6 12437 7
6dad0b3d72,17331 5
4507695640,7606 5 9427 4 12457 21
b35f4dae8c,9454 4 12456 47 14282 17 14303 1
e03478c736,
e1ae0b6fde,9397 2 12434 15
7c8655c05d,12463 4 12480 1
ef0bbeb51f,12433 37
337e03c7e2,
04a902187b,12464 7 12472 2
f8be28ea32,12461 19
fd02ec076f,
96a3e6e678,12465 6
2f3576c061,7599 2 12463 13
5e6c4c91f8,7594 3 9397 6 12437 8 12446 3
fdf6b87e6a,9398 5 9406 5 12435 17
1c3f046c0f,
2e81632c4b,12462 8
9f68d5de8f,12466 5
41085b2b4c,12456 21
66c243c328,7579 38 9399 4 9426 8 12429 52 32993 16 33649 13
65987a30e1,9395 4 12434 17
d8584658e2,9396 8 12429 25
0f1a38011b,
a5af0e86a0,12429 24
1928578287,
2d5966d326,12463 7
c1e8502ab0,37175 5
c01dc1f78c,9414 37 12454 35
48fcd80f34,12463 13
9369f2620a,12436 14
b1f13cf741,10637 5 12433 13
dadc1885f1,12459 18 17337 1
586ec287bb,12434 11
f9659ae29f,7611 10 9415 14 12453 37
5a1384b6d4,12461 20
bc0fc5a540,232176 23
67033c5360,12462 15
1c623d357c,7617 19
319e841acb,9397 11 12432 25
ed26b45ed6,
8f23bebac8,
6ea4db7c5b,9437 3 12468 7
3a3a1ea679,36746 4
6ba5fed476,12430 26
bb7189a5dc,12460 18
ca0ceffdf1,12437 8
0e0685942a,9397 4 9408 3 12434 19
fcfbf18410,12465 4
94276e70b1,10639 6
d9028ba819,7619 17
1e005fcd28,7596 16 7628 11 9421 10 12461 18
42f3ba4d4f,9397 4 12437 7
b0f9577fed,7600 37 10654 3 12450 48 122410 50 124249 34 127291 36
cbf879797c,
77c1a64b7f,
3760821c98,9411 47 12461 19
687c711b60,9417 17 12459 13
22af45be56,9394 13 9410 2 12434 20
05583b5af8,9420 17 12465 10
adf90e4cf6,9417 33 12458 43
636d675d41,12436 10
4a8703694a,12435 9
c291f7cef9,12461 20
1624c71ffc,
5c6e993ff2,
615d236024,9395 9
5ea750e7e1,12440 2
4311ab80a7,
4797eded9e,
139b46858e,7598 19 9423 1 9427 4 9435 3 12453 33 15496 18
bf77f7be32,12437 7
0b75642146,
3fafe0b4f6,12434 16
94eb90b658,
9eefba3af8,9394 10 12430 23
d8d3b1d401,
c1e5a0b4e2,12455 16
98524d5876,
e636de1a7e,7586 30 9423 17 12448 41
12764435d7,9394 19 12436 7
3bb9385c60,
60afb8de1f,262006 15
0236f9c891,9385 17 12425 25
4726ac9f03,7599 3 12450 41
5093a7ce81,12438 5
ec26bed678,
8c6199a319,
339de58c38,9399 1 12440 2
58e94abd33,12439 3
8e015719e4,
6b7e2a62a1,9394 6 12434 15
5451e59667,12459 22 15504 9 17329 12
688a8ce2d4,12434 14
2a170b3a2f,12458 18
5013fc7cb5,9451 6 12464 19 15509 4
a12d95dcbd,9394 15 12430 19
a1abae9cb3,12464 12
dab32f9e46,
22deb4090c,12469 2 67324 4
cdb5a44b81,
4703e5a9fe,12436 17
84b0baf9a0,12460 15
1f25c4ed46,
0d4a93e3ef,12468 2
5b04fa5023,
617e54635b,9413 24 12453 31 231706 26
a6ec0375c2,10642 4 12463 6 13685 9
137c31707f,
fd042fe68e,
fc2fc40605,12460 16
9c3c2d8007,12457 31
f21361652e,12460 21
1bfa68fe4d,12460 24
fda9b245b0,
3f7005ccc6,12437 6
04a3d42079,7594 28 9422 18 10639 11 12452 31
ead6421009,9419 19 12455 31
4130a94439,7596 46 9416 28 10641 20 12453 43 14302 3 14308 4 17615 1
08e347c04d,
458de7c1cf,12459 16
c048bf9338,12438 6
a4027c4eab,9394 4 12426 39
5943faf259,
62889c359e,7596 25 9433 6 14295 1
d71d4fd07b,7593 2 9393 15 9519 2 12437 9 12449 2
c79dde8934,12454 28 144936 10
6391200d97,12463 11 60103 4
f116836bbd,
66dacec081,
644cb7421e,9421 5 12459 18
38edfaeeff,
bcdaa95db1,
259bc1e993,
e4dbcbd98c,
0ab3579b02,9415 18 9437 2 12447 41
0b44d33c3b,
fbd1aa846b,9390 21 12434 17 14265 4
647dbd002b,12464 6
aa401edead,
487ab0535d,
4c3ff2f94e,9388 14 12424 42
c46797e41b,
bee2dbf422,9394 9 12436 17
a6a2faa72f,
c988eb9d65,12436 7
37deb3d0e1,12463 18
df78ec9f46,
d4c618f9b0,12438 6 12446 3
f43d58da86,9391 22 12434 16
4df058b1b0,12456 25 12485 3
42c5e3ec0b,9393 31 12427 30 12460 1
467f81b6d9,
5b8c1b7d9b,12435 17
189f95e270,
86dc012dce,
6afda58514,
ec94479e78,9394 9 12432 26
929e7cb81c,12431 17
683380d40f,9419 10 12462 12
44b523c7ca,7601 20 9422 21 9447 9 12461 16
835b34713e,
548e60b5bf,7607 9 12465 7
427f15620f,12460 2
9e9b92a027,9400 18 12434 24
9a57dd734e,
16683cd99c,12433 16
37dc9b7929,
fe795503e0,
ef5d2f723d,
297ef10f00,12438 6
194421a319,
0f3afbf424,
d68ac04510,9398 3 12435 13
887b7ce382,12458 30
c37da52d37,
1506027bf8,12429 18
f731041155,
aabdcab834,7603 16 7620 1 12457 32 17338 2
ff16ccdf17,12461 16
194fca1339,
dbe7955c31,10646 4 10654 3 12458 31 12492 6
7b00550b73,9397 5 12433 21
807a05875c,12434 11
a913bca4ba,
6491ce41dc,
fbeb4b61c7,12435 11
8a1a7b6543,
579a300080,12462 14
5211cb3eb1,
c5c757709e,
2f89685a5d,12462 15
6aed3ff9df,12437 6
6dac1010ad,
cff28acdf5,
171a2c680e,12427 25
cf3b07535d,
6526345094,12459 23
335e412fef,
615d00d314,9390 24 12430 24
49adc780af,7607 6 12459 26 43851 9
ea2d4ce0d1,7595 6 7605 1 7607 10 7618 1 9421 22 12461 17
3c7cb1f878,7602 23 9413 27 12448 50
cfd13687aa,9422 10 9433 2 12463 11
45d7ced534,7591 31 9402 51 10636 14 12445 43 14302 9 15511 2
61c3bfbce1,
97dae12029,
15e8e59da2,12437 7
2805b1d4e7,9394 36 12433 21
d909e2bd00,12436 6
2702c96192,
5b2517803c,
67f3d03531,9390 28 9421 1 12434 18
a78eb26cbc,
9b1477f0a4,12436 6
523cac2445,9415 35 12455 27
034926a004,
ba0a0a0ec2,7572 2 9396 9
56036817d0,9417 15 12450 31
1875947ad6,258975 18 261990 53 263833 25
da2b63572b,
d70bbe0307,
7f75dd0751,
62e45a95de,12438 7
64a0d7ed36,
469573ffcd,
6af61ae317,
77b5a14cb1,12430 26
60d332b286,
0d03c19092,9394 8 12430 16
cdaeef72e0,7594 28 9418 14 9436 4 9448 4 10640 9 12454 34
a6693a14ba,
7d5382faa1,9393 10
f9b8b0b872,
e9b97e173e,12463 15
0c354903d2,
befb753e3f,
82b2b0f4d2,12462 13
5ba63a65cf,9391 12 12431 17
202b3b6aff,
ef746d74b2,
4eb69645aa,12437 4
aed6804c26,7597 8 9504 15 10639 5 12453 27
b9b61171d6,
ef2ae18c28,
5a1dcc7b62,
4ed0495279,7596 32 10631 3 10639 2 10648 1 12452 45
e3233e6617,12458 44
4d758aa788,
decc300bee,9422 20 12456 24
7cea372739,12453 27
e317daf9c7,
63c01d7d9c,12467 8
1fc2ab12c0,10635 14 10653 5
5d247a16ff,12438 7
60498e0eea,
3d320be7d8,
945af00239,
fec644aad3,12458 21
22b04605a6,9391 13 12432 20
d51e8b6225,
86240383fb,12460 12 231701 17
6ebb119996,12435 15
6c5cb6ef81,
0b8a7db1ba,12431 22
31d979b84e,12468 5 14293 17
ff06bec069,7609 23 9422 12 12458 42
ee21a240ac,12434 16
73d02928ba,
17e51acd15,7613 12 12450 52 17338 3
129429f4b2,12460 14
603a80aa7e,12465 5
9d99a0a152,9422 14 12461 16
6367139011,
77227cc7b2,7572 22 12439 1
e40c3e4898,9391 22 12426 26
e9687d2106,12456 15
65cda3c1a2,9423 3 9436 2 12460 16
2f23451493,7595 31 10643 2 12454 24
9bf82cc70c,9405 36 12434 47
b154194c73,
e0ffa0d405,12451 33 12485 5
85ffb3de2f,
324cfa8b0e,7592 35 12455 33
c41c9e696e,12463 23
4b7f63224f,
eeab178355,
59d8cad8c5,
d1c39b4057,
6cef378b6b,7601 16 9421 4 12453 26
16c2f13b67,9399 1 12437 12 261999 13
4db15994d7,9391 27 9420 4 12430 26
8a4b4b43de,7591 7 9410 3 12436 24
9582d69090,9399 2
90622a3c33,
476beb2c70,7572 1 14262 13
4aaadeb770,7609 14 9416 25 12452 33 28784 11
22bf0bb516,7598 15 9420 38 12457 32
d3facdeb07,12466 13
048a1fec7b,205491 2
20b014c8c0,
c81f24198a,12434 9
61759ea909,12468 2
640d3a2b45,9393 12 9408 5 12429 37
0cda959cb4,12327 18 12465 8
cdb6f5127c,12437 6
27302a479d,
d358f17ee5,7592 4 9391 43 12435 39
c0ab781216,9398 2
25b50f3e2c,12438 6
83d21291f3,10645 14 12455 38 15496 19 17333 1 17336 3
852658d6d9,12463 7
097b49c65d,12435 10 12460 2
28321cffe5,12462 18
7320268caf,9395 10 12433 19
ee6ee1be56,
1b60af1f1b,9421 10 12459 23
328bd0e638,12434 11 14260 14
1d0d2aa13b,12432 13
f96e8c3c55,33145 2
09d9b7b7ac,12465 10
3b99b99d38,12434 22
e98804a8e2,7608 7 9423 28 12457 39 17331 11
688cdeaadb,9389 17 12436 13
6717ba4b9c,
a334160bba,
47b98fa380,12431 17
9d062a94d3,12466 4
e9a32f850c,
c988e328e7,12434 13
fac732d1d3,7601 23 9415 30 9449 2 12455 44
40e6a38849,
4419f0bff5,12465 6
4d0ca5fd75,9391 33 12431 26 14261 13 14277 12
321a5fdf4c,12461 22
9e7ea26424,
b62dc58e4f,9421 22 12456 25
08b91f4be9,12434 19
d699feddd5,9398 4 9408 8 9418 1 9420 3 12435 31
ce73f0629e,12440 2
560be8f197,12434 18
fe0fcecc3f,12452 52
2f667be5c3,
19d863709e,
0c453eaa7c,9424 3
6d3c320b87,12433 18
f42561da3b,
cb01e17042,9423 3 12465 5
1a834c9ada,12437 10
e42b3169ee,7570 25 7597 6 9383 46 12427 45
8d017ef547,
b57e727f77,
51b7e0a39f,
f423edbf06,7596 30 12460 17
6d251e3a34,9400 4 12437 17
afe03bf5a4,
9f08cfe4ab,
1967b2dc6f,12438 11
18e370e678,
f47f40b08b,
edb25682df,
d3c76f24ae,9372 9 10639 5 10647 2 12450 31
eeb5181e83,
b09bd23e54,7598 23 9408 37 10644 7 12455 32
5522aa6b9f,9407 9 12438 14
99c6caa530,9399 13 12432 21 14270 17 17306 4
085523d812,12465 11 17334 5
0c3efdcadd,12438 5
a1751dc236,9396 8 12434 18
8bc3dfe1bc,12463 25
951a8f138f,7605 11 9418 14 10647 3 10653 4 12455 34
35f2a6fc67,12463 12
901bb78e14,12452 27
ef25a53396,
95b4f2723e,
4073aecdf7,
29ba136f3f,
b5a804b800,12462 14
45466619d8,
05003794c5,
f591e62e33,
31cd0e9480,9397 3
b01a5b0f1c,12462 13
6a4be7259e,
e865ba27c4,
64513ef85d,
ba477ab175,
facc9c91c3,12450 33
b2c7156a5a,
369b4a7260,7571 24 9382 33 12429 32
18dfa14456,12750 5
23092325f1,9353 10 9392 6
a842cbf2e0,
c972c669cb,
36b6ffc9b4,12428 30
f2e254bd1f,7598 26 9422 6 10645 5 10653 4 12456 31
315f13b586,12439 4 12446 2 12456 11
9a8f897476,
ee29f47a6f,9431 7 12460 22
fcfc9af90e,
db18ede7e9,9394 8 12436 12
08dd0d81bc,
883719d017,
72a5918953,9418 13 12451 37 15497 6
40d0dc23e3,7597 24 10640 11 12452 26
faaeb57c28,7568 25 9390 28 9421 4 9434 3 12432 28 14282 1
0044c82ad9,
814cd85808,9409 2 12432 21
f116ce9632,12465 5 12492 9
e2835ef69d,
04d989149c,12461 19
ac411f3606,12459 21
3ae2e2b356,9427 3 10655 1 12457 43
92ba357085,12463 13
4f1dd9fa82,12463 10 232194 9
6b8e579d59,9412 22 12447 34
4b40dbc690,9390 21 12432 21
819483de54,9390 27 9421 2 12438 13 14268 1 14272 2
dfe0a6952b,
f9d1d58d32,7584 15 9389 34 12429 32
77f7ea9600,
e2604694e3,12458 19
9ffe25ec66,9415 16 12436 9
7cdc013f97,12465 4
d55bf7c665,
4c231e0680,9420 5 12454 30 12750 2 219047 8 226948 5
fb227baed7,12434 7 12464 7
8a24f3d81f,7590 7 9388 18 12427 50 250934 5
c662d0af12,12433 19
9cd0f02a93,12435 17
4aa7d2087b,32205 3
55e00d436e,
14c538128c,12437 6
889066e6f3,7603 17 9415 17 12452 42
1f0b2f684d,7568 7 9389 21 12426 25
7b6ee976f4,
c76540bf65,9388 45 12431 26 207847 12 212130 13 212693 27 213937 24 214505 21 215741 27 217558 14 218784 29 220598 25 222415 5
b622ecb6e5,9393 36 12434 19
87267e6f45,9387 25 12430 23 14266 9
169f2fed85,
694f6d2e01,
d997044ad3,7605 12 10652 5 12457 24
48fdc6fbed,9396 6 12431 19
cae1b407f6,
02ab35cb1d,9434 7 12463 12
ea8ec9e245,
61d708964e,
554a4c3896,9397 16 9422 2 12432 21
200abed6fb,12440 1
ea8800a9b4,
a82dfba4f3,
605a49bb8f,
9a460baeeb,
6c4e9567e1,7591 4 9388 25 12433 21
85daaec214,12433 20
f8375f7082,
9be758c01f,10637 14 10652 6 12457 43
8cc5c7ddd5,9395 28 12433 28
bed18a7dce,
cef0955313,9399 3 12427 26
55a61f831c,12454 29
862235c6ae,12452 24 22385 4 24208 15
fda93c3144,
affaca17e4,
c1a1dcf012,11856 2 11862 10
e03201f3d1,12454 34
a530589ecd,7591 2 9400 2 12431 25
cbaf979c4c,9396 4 12434 14
696a9b597d,
512bf0880b,17613 5
6ee3f3ec17,
b6c204ba8b,12438 4
fedda9eb75,
66ad5422e7,132360 11 137226 13
3cfa7b32e3,7594 24 7621 1 7623 1 9428 4 9433 6 12466 19
b79b41a67e,
03727ec70d,12459 22
685d872e62,12467 3
34484a1df4,
e287b783ed,12464 9
0164d049e1,12462 27 40173 8 42017 5
645e52c1df,12439 2
58c4c7e7fc,
ac1da1ffb5,7620 22 12462 14
d64af21e47,9331 1 9383 21 12426 24
950b25edd8,
2fc9b2b482,33703 26 35547 1 36746 5 37409 2 38581 7
e9a3f57794,
fba64174e9,9421 1 12451 33 17336 2
02b007cf47,9387 19 12427 23
be423ab704,9397 10 12437 10
d9a7e08796,
21968ed7f2,17611 6
e84e13b7d7,12437 9 12447 1
307a5ed439,12459 24
6f0203a767,9452 8
bb3244dbc5,
ca2440782c,9414 45 12454 25 12750 3 14293 19
fd512b980b,9437 2 12462 19
5e7b90766f,12432 14
c2e26710b4,
e678f16eed,10623 22 12458 27 15488 12 17331 10
123c43cb22,9393 11 12430 26
c7b49a4cc6,
18641ec1f0,9419 17 12458 23
bc8f245a24,9395 17 12432 18
a82abdcf7f,
a737d4298b,9435 7
1cd4708684,12435 16
73a13b36dc,9418 22 12462 20 34145 1 232169 10
08137f77bf,7595 19
e70b9eeca6,9398 8 12431 23
7d1a605212,
c553235935,
2e1e43ad30,9392 11 12429 17
14abae09ae,12461 22
3aedb50813,6380 10 9415 27 12451 32 14302 4
9d6c951e28,
06ccd3bd04,
ba02e0184c,12437 6
c6025e8d62,9395 11 12433 17
59ec405b60,12463 13
59ccb1cf5f,9419 18 12460 21
adc91fcd04,
302be185d8,
96591fc8c5,12437 7
d2c9d2ebf8,7605 9 12457 29
9727d11d20,7572 4 12430 21
4aef5f3c17,
20755fc6f0,9391 22 12433 17 14262 11
855fbdf62a,
b99ebd5440,9422 8 12454 34
1c13b27c73,
6abe8e7858,9395 8 12433 14
e2e02927d7,12441 1
cb507e7e6e,
ac72a9e1c6,9395 17 12426 28 42463 15
045f0eb103,12437 8
d5a3fa3c66,
80e2651441,
18ac863969,9419 12 12461 13
d98f15476a,
b9d80b02b0,
c933e828a6,
733ccca87a,9426 14 12458 24
6ba8719560,7579 1 7582 15 9398 5 12430 25
ca0e4f7b0b,12453 29
5dc325629d,
278a6b70d8,
15e2e92597,
450194198f,
91a973b61f,9390 19 12432 24
5c924161bc,
16a17e26f3,7598 10 9422 2 9437 5 12455 31 17613 6
5609059210,7603 15 10637 21 12465 24 15507 4
4f1f4c367c,9423 3 9434 7 9449 1 12456 25
6b10ef16c6,
defc1f886e,7603 9 9422 21 9447 3 12450 33
ddb9c938aa,
a8206416d0,9421 12 12457 17
2351c289d1,9405 1 9407 4 12436 9
66345bf675,7611 6 9413 46 12456 32
e3f00d4b26,
a86ed654eb,
901c7428bb,
49fb8443d3,
9a1b265066,
74b714494d,9389 44 12429 32
173c7e59b6,12464 15
fb22a7779e,7568 8 12437 5
fbd26ec5d1,9422 20 12473 3
a621f3963d,
bf2f36a544,
4183ae6998,
e004590a8e,
db439b53dd,12463 16
5073585a9e,12427 21
a46b8a72bb,30641 20 30966 6
4827c057d6,12451 27
e6aa642604,7564 13
a14b77fe24,9415 17 12459 17
d39cd79771,
2f85c03b56,12462 9
12c8d204f2,12459 20 22123 2
fd7a4e7fa1,
5e71a826bb,7598 23 12454 35
b39b98c893,
4af3468c05,12443 1 12446 2
25de050969,9385 51 12426 50 14281 12
2b853c3b45,
16d4d36ce6,12459 17
a73914626b,
81d5d0ec7a,
7ee1887696,9422 10 12462 17
37160211da,
71d59cf0b9,10639 8 12454 32 15494 18
8781b36e62,9395 14 12438 13
098f3ab92e,12436 12
8125e986f3,
4f40fb98b9,12463 3 12468 1
a9cf7af8c2,
3a6e3b2fd6,
18c95de889,
51d38424f9,12437 14
b367167733,
99c181ba0b,7597 31 10644 1 12468 16 12486 2 22477 5
6b2a45b390,22035 6
8a1c1f7019,12457 50
0a08936d5e,9395 11 12431 22
27df5ab1bb,10610 7
5a2be3f570,12436 18
4053a980ca,12423 28 15461 15
09b463849a,
351dc0a9f5,9395 6 9406 8 12427 43
beab5fc286,7574 12 7588 5 9389 16 10635 7 12432 14
79be78259f,12462 12 164346 6
6532968a30,9394 22 12432 34
7133b033bb,12438 7
3032a983f9,7590 3 9392 25 12434 27
36a60901a4,12437 6
2cb85c2c27,9426 2
615ba62d3d,12459 7
4e435fe1f7,12464 8
0386b338f5,
75c5a70b2a,
d0a8057e0a,9398 2
e66995ee11,9389 13 10638 3 12437 12
0cfd1740b2,9415 12
6ffa514d3f,12461 11
60112da259,9395 18 12435 18
7d4f7589d5,231690 27
1875b74ac2,
9675e26c04,
a9e83452a0,12439 3
cc867f2891,12462 15
3f59b251e4,
d9fc10ae26,12463 17
c9a146b1c1,12462 9
d933cd0380,12457 23
9105feba97,
c87a786251,
9beebd5b18,
ef97cd6ff2,12460 11
897dd37997,12457 20
cae079c1b1,
0024061183,
12a63c0038,12469 1
3c9318d7ae,
7a6d0810e6,12439 4
4284bd163e,
86e9608c09,
d1a0f718af,12432 10
2f65dd4569,7601 12 9426 4 12455 49
98649f9d9e,12461 17
48a06d197b,12462 24
0412ca6f47,9386 55 12429 28 14282 3
61b7966180,12464 13
48385b74b4,7571 2 12438 3
102d4741e0,
180a4b7cae,
08d37a54e0,9393 18 12432 18
fb8a17fc46,12464 17
2747ee59e5,9395 29 12434 19 53579 16 56607 17 58447 21 213269 2 218133 3
e5b174826f,12452 26 15111 5
a8e8e412e0,7629 10 12464 25
bd2ff497bd,12438 10
8b1c7e4f2a,9399 4 9409 3 12438 13
2d683365ef,
93dd45931e,9395 2 9399 1 12436 8
e8ccccfe4a,7590 6 9396 7 12431 40
52c852a2bb,
8c403d7c35,9387 28 12430 31 14267 1 14280 11 231703 19
9cc0b4043e,
31570098f0,
531e0d5f2b,9437 1 12459 36
c9933e3e98,12436 13 14284 4
c1094937e3,12435 10
a9b27b5404,9395 9 12433 16
ddfa686cf1,
29b3835b94,12435 14
f8a72e2235,
090df54b2b,12462 8
730feb7544,12433 20
619fbf212e,
f41a79a59c,9410 2 12439 11
dfe7c3eea6,7610 4 7618 4 12465 37
be2ea16a17,12466 5 12473 4
353e0dae3a,
edb04afdf3,12461 12
8d8ee6793c,
c0fb82a91a,9384 46 12428 20 14264 12
70436d555e,9423 4
14085f8b33,
30f796a659,12438 5
42a16b7d3a,7597 19 9420 4 10637 14 12455 33
3b4452532e,12433 16
7991447ba4,
658e721db7,7571 25 9385 30 9422 1 12425 37
4a90117ba2,
41a685eb33,9389 18 12437 11
3e4bb01eee,12433 15
ad84fd679e,12433 13
9b43d34c34,9393 11 9406 5 12430 27
abd8124129,12462 13
33ca35dac5,7595 14 12463 11
24642182b6,9393 15 12433 18
62d9c2402d,12438 5
f903d8874d,9422 3 12455 21
733abcc0d8,7568 6 12436 7
6c0d5fec5a,
d622b7cfbe,
74a0e1bf5e,262005 18
20f6907497,
f02890d7f1,9395 9 12435 19
40d563cacf,
7016c9c770,
64f5aa8c3e,
fab7e6503e,9393 12 12432 41
1fa4324fa5,
54022cbbff,9437 16 12454 42 17336 7 17350 8
3f06dd1243,
b86ab9c2db,
7887c29590,7603 19 9413 30 12450 36
b602e5b1e0,
c3f8e6df05,12463 8 36147 15
f494d517e6,7603 13 9421 11 12458 21
cd3c5bcdf5,12466 3
496718e471,12435 10
9f527432d5,7592 4
b9d2bf2002,
7b849930b5,
b069a7b577,9391 32 12432 25
41377b4e9b,
676ac9a524,9397 3 12436 10
81e0d1b89d,
90e088c91b,9421 3 12452 38 15507 1
97bff4048b,
31707ef858,
c5f042fdf2,9423 2 9438 1 12456 28
d952f7e604,7578 2 7581 4 9395 17 12429 31
8bf449ca3a,
a9d27a563b,9423 2 12455 21
43e2dbc757,9419 34 12456 31
bb5aaf441a,12463 16
de529b4639,7596 20 9410 33 12448 38
67d643eda2,9422 17 12462 15
d10987736b,9427 11 12463 13
2054e9f459,7595 29 10636 23 12448 41
f710354e4a,12437 8 12448 3
9767878a83,
0b989a87fe,
e6b1751c10,12454 24
2d65838e9e,12459 15
9357e606a5,
c90967563e,
a47eebfad5,
34925f6cb4,9420 10 12458 26
c8feeefe09,
ead3a7af39,10639 18
ba9d55b9a8,12434 22
2846b60f64,9417 7 12456 22
a929031e27,7601 15 9449 1 12451 39
76bbe07469,12442 1
202ec9b129,
0c7b0ca5b7,9429 14 9446 4 12461 16
c3a760712d,9394 7 12440 2
ccd2138fed,12439 4
6c3146480e,9420 38 12456 26
0b613f2c67,
868887908f,12457 32 15508 3
5dfaedd65f,
a1776a872b,
537fe33a33,7620 6
6365e67b34,9420 23 12464 15 31856 10
2a6b06cd05,
49f6ea36a6,
3f72e6f2a8,12464 18
df7bfbfb78,
63f5d2441a,
e939df93bc,12437 6
61c76b0eca,12458 19
3f7840c069,
5f3419a7b5,
38caf03795,231701 8
53fec808db,
553f069003,7591 31 9414 30 12452 36
92ac977ba8,9421 22 12456 31 15498 15
1afd48f111,
d4766e4d0d,9393 32 12431 31
fcc9c0c50c,7596 25 10646 2 12451 32
cc8e21addb,7593 12 9435 4 12458 31
883dd5c9e7,12458 25
8c80d0e3a8,12436 6
cadb9c5f14,9396 10 12434 13
6caea36f7f,12464 10
0e081e712f,9393 10 12427 21
bbf03096d2,9386 31 12428 20
6357b03e92,
4d14b01cd6,12463 3
61a8553452,12464 22
e730ee1638,
8f1f85fc24,9417 24 9591 19 12456 24
01c4bcb52c,
a46fff78ca,
124f63ab30,9423 9 12455 22
4038d5e10e,7605 17 9427 3 9449 2 12458 30
e34ed4f651,12460 16
2ed70b4402,
3808622eae,12435 8
edf10800cf,12432 21
7466919c0a,9415 12 9433 1 9438 12 12455 21
b1e6472e4b,
87c57a3e0f,
2740767c0e,
88cff4cc18,
c7fdd93c1a,12437 8
3a49435d76,7592 22 9418 23 12461 16
1a95865ca6,
30acc304a4,
631eea410a,12433 12
d9e4805142,9394 6 12438 5
ee27db523b,
b4c5c9f778,7605 1 7611 14 7629 1 12455 23
0bc86ec72a,7615 17 12463 6
bad1957c92,
235e79cc97,
fb1dc1310d,
756f38b37e,9422 7 12456 24
18ce8153cf,
b055094677,7607 15 12461 25
bdea7c8e96,
01c9aac2c1,9421 13
1910934ca0,12438 9
fb61703817,10640 2 12433 20
da08ee789a,9396 4 12433 19
c8ae0f1666,
1f4c489fb1,9411 40 12456 23
a634e48d20,
0cf505b68c,12458 24
96be213fa8,7596 29 9410 40 10641 10 10652 5 12448 43 14310 2
364c8ea760,12457 22
3fc59b6b11,10635 1 12454 30
a0beab951e,12436 8
0c47b381c2,7591 4 9393 9 12430 27 12464 4
455ca623e5,12436 10
0a6860423b,
dd0221b98b,9390 15 12432 10
33d5aa5087,12439 4
d953fa5187,12435 7
fbf3decfba,12458 17
7fdaa051b1,9395 11 12430 27
12fdb08add,9437 6 9446 9 12458 29
a23fea3f67,
fe293d0e6f,
426b965b01,
66a392bf21,12432 16
f7d1765570,12429 19
73d61899d1,9385 29 12433 18
392ca69b60,12425 55
cb174307fa,
ef3a5f89bb,
681a10687b,
24de7e52de,12438 5
363f7c7148,
54ef7ce4a4,9415 14 12455 28 12486 3
27813f7ddb,9396 5 12431 28
4022ab1b26,7608 10 12458 29
092db1b47c,12466 11
b360e1882f,12467 4 15507 7
cd4bdf6d4c,
a76934b93d,
c3979a9fa5,122573 9
ce2d08e11a,7604 28
dc35fd6a04,7598 24 12456 32
024cb01de6,12431 13
e9e61204ec,9419 18 12453 35
79aba249ec,12461 15
31274a9b73,9438 3 12461 22
153e2447d1,9397 10
edbbc4ca50,14281 6
4838a797bb,
aa931e6230,9393 7 12433 12
cd32ae0567,7586 10 12435 22
d856e2a8d7,7609 4 12460 16
723a0f37d7,
2b6a7af242,7587 22 12428 23
8949263027,
1ac55b1976,
67547a93d1,
97a0b2a13c,
0907eed235,12437 5
74ca119c9a,9398 2 12436 5
ca697e9ae6,231698 17
dfc309ee7b,9438 3 9442 2 12461 16
85696fd2f1,12440 1
a8ce9ddb8e,9398 2 12434 10 12446 2
a37e75191c,42470 22
f02573399c,
52dc124711,12436 10 171134 6 172941 25
416b124f87,7581 30 9399 3 9409 1 12431 25
d7e2c4a6be,9390 15 9409 3 12427 26
268af273f6,12454 20
b26f4959e5,9415 37 9455 9 12453 29
ad50ea4bab,12437 5
62be8313e6,9415 18 12451 38
43374a9dfe,7621 3 231691 3
c4649287fd,9423 20 12457 29
f1cd7060fc,7584 3 7590 15 12439 4
abd9e021d3,12434 16
308037b323,
cc890f9a45,9413 29 12453 30
ad344b75d4,
0185e3757e,12455 27
2f3e429d00,
c6abb4ff71,12433 22
20cd159fe7,
459233d4db,
dc45598bc8,
81a0153d3e,
4e1a90c137,9395 11 12433 12
8c14d24189,9392 31 12436 15 14260 8
a8e93a3955,9397 4 9405 19 12434 30 14284 2 15479 2
4743f2cb35,12466 15
c9c802bdb9,10682 9 12424 33
4d13a1d4e5,
a66f41abed,
4f0786b4f7,12435 10
87ed24573f,12464 9
bc3628dcef,
517776da84,
2c49e21d5c,
5e060a0bd9,
c3bf9b1b5b,9432 11
a4dbeeac53,12462 12
f60109f798,9388 31 9420 1 12428 24 37154 30
f1c000483e,
0ec660837f,
e9f901d3be,
a999d70524,9396 10 12431 32
52e88bcd5c,
cedcdddd87,9429 17 22476 6 24288 7
e99490be19,
47eb8fe32e,
96225b08e2,
be0b47f860,
6c3adbea9b,12435 16
86b1f8fd9d,
2383de276e,12451 31
6e2b99533a,9428 5 12455 23
71e3136777,9400 3 9409 4 12430 26
9389aff081,
2a8322daf0,
64aff59698,
b0b255c81e,12442 2
fb5836e9dd,12464 6
890731703b,7596 8 9422 4 12461 14
f50b0e09ef,12428 19
a5b2be01af,9393 27 12432 28 14266 26
bb438f0515,12462 17
282db0569b,
e0a4c07f74,9428 15 12461 27 19253 1
14f92c9e34,12440 1
3eb4e32e29,
bb3e15ef9a,7586 6 9388 14 12431 14
63ad68a5d7,9396 1 12434 37
1c62aacdd7,9394 14 12434 23
5bae7fd990,12460 19
5176b71b88,12435 16
634a96d506,9417 15 12457 20 262012 13
32df027d26,12461 13
c6d79caa79,
3aca26a932,
e3acc5b064,12437 7
08232eca2a,12465 8
ff70188f37,9391 25 12436 19
03f4452514,9421 11 9434 9 9449 1 12458 29 15510 4
5dfd76cca7,9394 12 12428 22
d9c4dbbb6e,7604 28 10639 12 10652 9 12457 24
95e4cb903b,12458 17
6643cc8094,9422 30 12455 31
5d5c9beddd,17612 11
509ea739c4,
69fcc697c3,
5acdf9ef2c,12457 22
cf2ea5e2a6,9395 3 12435 16
b052205f5d,
bff22ab6a4,9391 22 12435 18
e19639da62,7571 1 9395 17 12425 32
23a7ab3c80,12462 20
5a70fc6c03,
d7640d81fe,
d55eb5f592,12291 7 12456 21
9a4f615b94,
5fed898754,
7438d5ba16,12435 17
67f8afd2ff,9404 1 12439 4
844acf894e,12428 16
297f31ccd4,12434 14
f2323cfe49,7601 16 10643 2 12464 13 12750 2
2294777420,
6845caee34,12463 17
cc6ba060dd,9436 7 12454 30 14302 15 15506 1 17336 5
7e8e27c454,9396 2 12436 8
d5aad05fba,9421 6 12459 26
cb2704af12,12438 2
6551c8588c,7598 24 9418 22 9446 18 12453 35 14308 6
d4392a479f,
a1760e6543,12465 10 77063 2
9094ecb6ca,12438 4
2a72a08c42,
b748965dde,
fbde856527,9391 37 12430 29
0be954e766,12458 24
1dc949ccdb,
6b554dfebe,12429 17
5d566ee63d,
23575fb281,12438 6
692bb61cd1,
aaf7ac3a3c,9421 2 9426 10
22c56472ed,
55ec44609e,
4e6f87ef8d,12457 26
a8342bbf5f,
97adb1902a,9425 2
e0fbacc20e,
42042dbc56,12432 20
be510cf2e9,12435 18
08b41080f5,
fcc0f41466,
008a8bb261,7592 3 9391 18 9410 2 12431 19
8675c78db0,
f7371df29a,12459 7
c023c944d2,12463 12
edafe674a9,
953a348136,
f75cac4a75,9397 11 12436 20 14266 2 14283 7
0975b554dc,12455 12
538b71c205,9394 4 12433 37
ee8ee6f58b,
294d0338b2,
2ca9bd81d1,12448 48 17317 25
579ed5aaa5,9394 20 12437 6
bdffeab3aa,
e47e8c0fa2,12436 7 14267 4
225abc15b1,
152f266d58,
277fb6a7da,
f67137d44d,
9400708892,9397 3 9405 4 12435 15 14264 10
a999407f4e,9419 13 12456 23
db9080c119,9396 3 12430 27
2b1d038a7d,9388 17
fed53b6b27,7605 5 9413 38 12451 35 17334 4
6753502aac,
53076f739f,
f7df6d28d7,12461 12
b93c0c6601,12435 7
916c5d6d7a,12437 16 12455 18
b616a051e6,9421 14 12459 16
c783d9e68c,9393 25 12432 35
09257db09a,12438 7
a0b6aaf8ca,12465 11
179f6985d9,9397 4 12433 21
9a128de28e,9398 3 9402 2 12436 8
10c96f50f0,
f1beb10277,
4cb85316cf,9423 2 12460 14
8be944c8da,12437 6
49e6537266,
254bcc5b42,262004 29
01b9338e65,7588 6 9390 28 12433 23
5a4db34773,10639 20 12458 16 15501 8
3515411bcb,12455 28
7533753782,9395 13 12431 21
2de4f84900,12430 24
21ffc0ebd7,9409 6 12432 26 76784 15
027da1cb58,9386 25 12423 33
515d4b2d92,9386 26 12427 25
bffaf5e63b,7610 9 9422 3 12448 39
e1028ff922,9420 3
ea7b112bfb,12435 15
0ba9594854,9423 21 12457 31
566a40da1b,
89a01e6e79,9415 36 12459 18
6d570304c1,
122805a1e2,
6cea268df6,
9b51886dcc,
36cfd7a002,9392 9 12433 16
d4283b069d,
81536b561b,
49d77921da,9391 14 12433 19
85d30e8863,9396 1 12433 13
a78cc706c4,9429 6 12437 11 12449 4
13d63e377d,7590 18 9408 10 9421 4 12435 34
bf3fd94cfb,9431 2 9436 4 12463 8
7ebfafd277,12437 19
27bcd1196e,
fc5640e471,
6549e708a2,12460 16
db73a3d7b8,12430 24
6b8d65eb49,9398 2 12436 5
1a49186a10,12438 10
7c7af622e7,
89782b6546,12423 29
238347be1b,12431 16 12449 1
0513c148ed,9387 17 12431 20
a58b4857a7,9322 24
f15c209f71,12436 9
405b6f351e,12439 11
8744634320,
b1dcc169e0,12457 23 32299 6
3ff5f19f89,
693d863025,12437 8
6429c91902,9391 14 9409 3 12427 28 12457 4
5e324618f4,9417 8 12456 27
7866851d46,
20da0d4b34,12436 16
4157e45749,
c7a0c2a08c,9397 8 12433 23
6839b7dd8b,12434 11
dd31923be9,12434 14
98014d02d7,12462 34 42472 4
aaf3885b42,
e8ed5c3c8e,9423 3 181261 4 183095 12
42c69f4875,9415 28 9447 3 12455 26
04f435b10b,7571 3 9399 3 12439 3
78d58d818c,12463 8
ac63111ce0,6385 5 7603 12 9414 41 12456 33
5ee1bffd04,12438 7 12446 2
a15bfa12be,9421 7 12439 4
5d3211b970,9420 25 9448 2 12456 32 12749 6 15794 1 17338 2
42cea90e2c,
ab7a1864d4,
cfc905f90c,12459 18
1e94000ac2,10655 2 12456 31
44afebcd42,9398 5 12433 13
13e9eace2b,9395 4 9409 2 12434 12
65e2053c4e,7618 8 12458 18
726a9f9eff,9395 3 12432 11
96aad622f1,
ed241161d4,
87303b1e4e,
c22a192a27,
4e490b2d96,
3ff8497939,12462 19
95e3277c3f,
10698dbfea,12465 2
9e5bd55026,
e0ab719b8e,
2702533c83,12456 21 17328 12
911e5f7e46,12427 16
65492cd559,
80291f4dd8,9416 18 12456 21
ed27477b0e,12451 35
cb727a38e5,7592 45 10640 23 12448 57 17173 9
db706aacee,7604 18 10639 21 12457 38
2ff7ddaf7b,
d81c33c2a8,7569 11
7f3090751c,
eb1a6a9539,12463 8 12472 4
804b245f2e,9397 7 12437 12
d7aa877c91,
51dbcadff5,9397 1 12434 19
fb765a7b70,7594 32 9429 4 9437 1 9511 20 12456 34 14308 8
e66c40cd0d,7606 8 12461 20
bc988f988f,7590 5 9388 26 12433 23
65b0c8388a,12456 33
c3991ea946,
ce31a561ed,
05fa6d8199,9388 27 12434 20 14266 4 14277 20
7955f1276b,
4f60e16e89,9397 2
cc583811bb,9389 17 12431 20
352daca785,9394 7 12434 17
d4b682ef1b,7584 16 9400 2 12434 17
bacd2e33ea,
6b4132d9a5,
332aa2092e,12438 7
77237c3d79,
3a032cc8e5,12439 5
315c6c6394,
c10fc79400,12438 7
ffd87554e0,
6026dd5171,7592 2 9395 17 12433 22
1103139b0b,9399 3 12431 21
7998532cb6,9408 3 12436 14
b6b26377df,12434 13
0d53ff1caa,
072371d555,9393 22 12432 26 14283 5
6381a9b380,7599 25 10640 18 12458 28
d2ad7ad5d8,12437 5
95abf99968,
6f028e1d66,
12cb7bec1e,7590 16 12430 27
7fdecea476,12459 23
de0de983b4,9391 18 12436 9
1afb37d13f,9392 14
2115915a08,12435 11
c0e29da854,12429 42 17305 4
2c046226bd,7591 30 9434 6 9449 2 12457 32
9b2a7ee79d,
9d075dd853,
12846c8510,12433 13
704ceba070,7607 5 9415 21 12456 25 18978 31 22017 23
3c02f079fb,
05268637c3,9417 27 12458 23
1acb25155b,
f5dba85c47,12466 4
d55ac0dc99,12465 3
0dcc968e02,12436 7
a16e8298db,12459 27
597c01ecc7,9395 3 12435 22 12460 1
e8a6b86110,7578 2 7583 1
45a696f023,12463 15 12485 5 12492 9
fa23d07c12,7591 12 9391 24 12433 38
cf69da8d2e,12436 17
12aeaf9b4f,
4782b413db,9420 17 12453 28
edd6406890,12436 8
42e90af3a5,12438 3
053218e2ac,9388 25 12438 6
aed53a505a,7569 38 9399 45 12430 49
f421e66b76,
fa8d753279,12465 10
8a7be3a01e,
03f2dc6644,12438 6
e0dafa8796,7593 22 9413 50 12451 31
ca2eceba89,7607 24 12463 21
21d78db35a,
4537e3b24c,12437 8
1adca6628d,7601 7 10653 8 12458 13
a8f83d4fa2,
121e3807c4,
ac6a7947f0,
06f6206c82,
720f36259a,7599 23 10648 2 12464 24
e3fea6a9aa,10646 4 10655 2 12464 12 12480 9
3a8bad73ea,12433 20
79010e92df,
8b14cbab61,
3617bc3d1f,5787 3 7573 1
93319b349c,7589 10 9393 19 12432 25
2866c91550,7592 25 9415 29 12452 36
2e1dc8e92f,
1cdaed7ba1,7597 26 10655 33 12458 17
7e25238a1a,
b458e65c42,7596 23 9413 21 10644 4 12455 27
509eb34c15,12437 7
64515c8de3,9396 6 12432 17
c739bb3de4,12454 25
9be3c999e4,17613 4
5593bee957,
07d42ad620,12440 2
132a974ae3,
138bb6cc69,12461 13 17613 5
d7fdcec354,
b1184afb3a,12429 18
90f9dd7047,9395 11 12435 16
cf50ed8a95,
436d68889c,12465 4 198386 6 232187 8
d2aa7d3c04,12463 4
25c32c851c,
2da7c3b0f3,9437 2
a1596e46f1,9393 8 12434 15
cb0f6babfb,12468 1
b38f45e003,12461 15
e87adc8efe,9389 25 12425 30
3f9b6c7f31,
84b084adec,
2dcfbbf0a0,9396 5 12426 26 14267 2
3ddb03b5a4,7604 4 9415 30 12449 40
aedec541df,12429 27
e502da6200,12464 18
07f3b8c3ac,9398 6 12434 16
552adfbd57,
01f879f34a,12461 26
34f1568be5,12457 18
0b13831d16,12458 22
5095bc67b2,9392 21 12429 36
feca09ec9b,7598 28 12454 46
dcae99da84,10641 5 12465 9
210a9487c8,
b2c91caf2d,7597 50 9414 29 9455 13 10654 3 12448 59 12749 5 14293 4 14301 6 14309 4 14319 2
7370be9390,
ccf0aec224,7593 47 10635 25 12450 49
498f16d1f8,
e27aad7755,
67d7b6b5e9,
e5590b3808,9434 6 12457 30
74326037da,
148f52bcbe,9422 2 12457 24 15506 2
c2e0ea870b,
c7409ef9dd,
58d76abef6,9423 8 9435 6 12452 32
1666e34b01,
fd4998338b,9423 5 12465 14
a703fa796d,7597 10 9423 12
5f05ea59b7,
f1ea044b7f,12433 16
73edfee474,
c8a637bc0b,7605 1 12458 23
1586670c3b,9389 25 12427 27
7fe2775ed8,9420 7 12459 12
08683f1841,9389 39 12430 24
dfbe31133b,
bb8e13cd24,
9e01f82afa,10636 20
fe5070d873,
8ac118a44f,9285 3 9291 3 12431 22
f07b2980a9,12433 23
5099802c47,12433 28
efc7b15b9a,
8e9f97a049,9397 8
e044a41924,12455 34
88674b7f5d,12466 5
ab4c018e85,12434 15
201b912b36,9393 19 12432 25
ce4c82c664,12459 24
760a34fe21,7607 8 9427 5 9435 10 9446 4 10647 2 12454 32
b508b21520,9419 10 9435 4 12462 17
612bdb9876,
c97efe5daf,
1b6ac55362,
78f03492cf,12437 13
a0c3b80b11,7603 32 9426 4 12452 51 17323 21
18a7f74360,15503 10
9077a8975a,12435 13
e35e046d9a,9423 7 12459 25
3760533b33,
d9d83af2d8,9435 6 12456 23
bcda33a0c1,12460 26
9b25cd67cf,9416 25 12458 30 32742 14 34560 3
ab995ddd29,10638 11 10653 5 12449 52
ee5f2d1573,7598 10 7611 2 9420 15 10639 6 12451 29
8eea1ba238,9414 29 12454 33
a0e3607034,232175 33 237040 13
01f4ea4c1f,7612 24 12460 28
103f365918,9425 31 12460 14
351e507b3b,
d4ee6b2388,9394 14 12432 26
7d8f8f7656,12430 14
fa68d80dc0,12436 12
a4cc9c56cb,12431 18
87db6e8ff7,9387 25 9419 5 12431 20
47e27899d7,
8a3f1be42d,9425 20 12472 11
74e8437f27,
137faf79f4,9392 26 9421 2 12437 23
75f2998bdd,12435 10
a8f408eb2e,9416 38 12452 27
9ffd7136f6,9449 2 12465 36
2fc5994fc7,9389 23 12429 30
d2e8a5219e,12466 1
85400b97ec,9395 21 12432 30
86b0c5d72a,7601 22 9413 41 9523 12 12452 36
b23f222427,10655 3 12463 6 13690 3
1a39562c0e,12462 12
c0e965c9ef,
0f3d88ce25,7605 36 9414 24 12453 25
8efa2cafe7,
b6e0c73a01,
b026fe5681,12437 10 12448 14
4710fb0b04,
e78d1b2cba,12464 11
c804942916,12436 10
6df2d280fb,12436 9
2be1a5fb7d,12465 11
3cda64f035,9392 38 12434 19
abc7c5e01e,9416 9 12452 28 17312 22
e8602a8455,12468 2
4604dfc6f3,9394 21 9419 9 12432 21
f63132df8f,
eb58de20f8,7571 8 7590 22
c9a2d71b12,12465 11
4c776e0d8d,7613 8 12468 2 12473 4 12480 7
e66435ac3b,9412 30 12457 22
f1b1aafa4d,12434 15
10a7761f0c,12463 11
acf469de05,12435 9
e8ec60bd28,
b50a0571b5,12434 20
7593421081,12434 8
80fa955459,9418 14 9437 5 12454 44
2d7d20d170,7596 18 7620 1 9410 34 10639 9 12448 49
0535a6f369,10641 9 10653 5 12452 49
8dcb87d82d,9390 11 12427 25
ce8f382def,12430 20
f4cb3b05ee,7603 18 9418 34 10643 1 12456 32
7aecd8a4c0,
088a608789,9386 17 9405 3 12423 31 43892 2
4b9f123b67,12437 11 12466 3
25b2d81f38,
33254552fd,9391 17 12429 19
5dd8506dad,9391 25 12429 26 19297 18 22331 15
428dfec4dd,12465 15
89985c953e,12431 18
92c9d9739f,9395 31 12436 19
6c1a208b46,9399 3 9408 1 12432 31
eef77d2160,12437 4
78b41b9d21,9419 5 9437 3 12461 17 12480 1
b7931d2fc0,12437 2
1262ec0ecb,
593eba3d66,
0c7048b84d,
94635c0ee3,9420 20 12455 27
296fe6aa00,9391 20 12435 15 14261 15 14283 11 185302 15 188930 11 191974 5 193789 16 231693 23
768ebba623,12438 9
f325c62bcc,9437 6 9449 5 12463 13
86c8f941c0,12458 11
12b636c0cb,
5612aafaa8,9393 17 9419 8 12438 4
c58ee4b9e6,7577 7 7591 3 9395 8 12434 31
43e65ab1fe,
4276cf22d8,
7df148312c,
e039e82ac4,9329 3
db91c6a227,9416 25 12458 30 32742 14 34560 3
573f5d7023,
b1627a934e,12436 16 14266 2
5323804c83,
97362596be,9395 9 12437 8
13f2fcf1e3,12436 13
fbe9df219e,12439 14
9f7f7bfe02,12450 28
8e2374b25c,9582 16 12456 20
38f10c1106,12436 11 14264 3
1c5bc8ec71,7594 21 12454 28
ec0b1b73e0,
73885a8baa,12456 42 14295 2 17340 9
8040e273e5,7604 15 12454 29
3b23ca5946,9394 24 12433 29
ea9f1eed1b,9389 26 12434 20 14281 8
e510fcebe0,
5832603e6f,
fbcf4405e1,
12a003cb92,262006 3
299d67d5a6,
bac0a83012,7598 7
6b3f83b106,12436 7
51a465683d,12434 15
6eb6c87226,9392 22 12431 21
f368ab4d88,12437 7
5716a8e867,9400 2 12436 14
ca8ba2c63e,
90e6e7405a,
8c7a86f2f9,
becd5df6b1,12464 4
6907f7f481,12434 12
69e3862910,12436 12
489b9624ea,12465 5
216c32adb9,12465 16
1a3049855c,12464 18
4e635dd8d6,9393 9 12429 23
48d1b1840c,9415 35 12456 26
320b6b4269,
f7fd6604e7,12456 16
d77dccf8a1,9393 12 12429 25
a7fc0360c8,
e33db52aa2,9395 12 12434 19 14266 2 14289 6
bd1f9a9319,
dae6f4d581,
5702f816c5,
e2b55e09aa,
6c4110f088,
542a443f32,9395 7
bb7b5f9b84,12431 14
88e662bbae,7604 19 10648 1 12455 27 12486 1
4366eb7b1f,9421 24 9453 2 12459 28
12b2fc23ed,
9e86ab5a40,12459 9
0797fdf70b,9393 11 9406 5 12434 15
d0a7d9258e,9327 16 12353 32 12433 20 13008 8
45c98a2430,9395 10 12424 34
4aa50c2a41,
00391f5a9d,
b0118220e9,
cfa91b10e6,
507aeae7d4,9433 2
af45239810,
ce286e1420,9397 8 9422 1 9427 2 12438 12
922ba4a880,
ad253ed365,12436 14
93bf2b8095,12468 6
1933af9ee5,12470 9
9b3670875d,7604 34
0373e27334,7603 4 9422 11 10640 5 12453 25
49a598a40b,
261d985989,12434 15
837a52e63e,12430 21 12464 4
80ffaeea22,9399 16 12438 8
ae9efd3017,
16c184a93e,
1b1d1f1ec8,
6f0d220f90,9402 1 9404 8 12435 27
e7a685dd62,
bcc50349a2,
a8903262ab,
23c0d03a9b,9429 3 9433 11 9447 2 10639 7 12463 21
adb8049d64,9396 7 12432 18
1c8aa43062,9418 23 12460 20
53a7ef5c9b,
a7316d429f,
73900574a4,12436 17
266a62bc76,12443 2
266961223f,9387 2 12431 1 12436 4
13ff003db2,9392 16 12427 29
02d551fded,12462 10
ca5b29e166,
6879548e13,7603 20 12460 21
5e0ef56534,7596 30 12449 48
a62d474eb7,9390 21 12433 18
eb118f73af,9388 35 12436 14 14261 13
e66b81848f,9419 25 12454 30
873b80b780,7596 7
cfc0c63314,
436e1fd3d4,12437 6
429d67cfe8,
0ef4b2f2e6,37604 10
ac3aac421b,12433 25 17301 11
83ff5105ad,9418 15 12459 14
f82e788513,12469 1
42a0fa46b9,9390 33 12429 33 14283 4
db34a87542,
240cd5c59a,9387 26 12425 33 12459 3 12466 12
4071702f85,
318b25cf6f,9391 20 12429 23 14266 2 17303 8
ba78a4a78a,9428 4 9436 8 12460 18
51d2d4e618,9392 20 12432 21 202974 13 204784 19 206037 5 206600 8 207831 33 208411 15 209076 8 209096 7 209636 32 210880 32 211449 29 212131 23 212687 35 213265 19 213932 31 214490 37 215738 34 216304 29 217556 17 218128 11 219358 21 220600 24 221170 9 222413 11 227269 9
475c6ec0bf,7567 30 9395 10 12426 30
cca725a275,9419 34 12456 31
8d40d8f84b,9381 34 12420 33 14243 5 14263 15
85aab2601e,9396 8 12433 18
5b8262ded6,12472 2
53cfc51996,22468 14
5f9695d7ab,12463 8
8aeacfaaf2,
d737affc4e,9398 6 12435 14 14261 15 14279 4
c15d2cc3a6,
800939ed7b,7598 39 9411 31 12451 46 18980 4 22020 3
59426a8c62,
a098532e61,9395 18 12431 23 14267 19 17304 7
6a3bbf23e8,9415 18 12458 23 17614 5
3f644b6cee,12459 24
a4ae359a7c,12439 9 14266 3
18a2cb057b,12458 23
fb5b8fec0e,14267 2
99c100106e,9391 13 12430 18
e5cd79fa3f,
52729b5b39,9395 11 12430 27
0c808227e3,12437 6
2f39d9dcc2,7620 2 7632 7 9414 30 9447 8 12449 45
3716c0766b,12438 7
3492e02499,
cf190b1cca,7604 20 10654 3 12458 37
5f8db97654,
c4f8fc4b4b,9397 4 12434 18
fd1b535147,12433 21
299f9aa57d,
fc30e81a67,
1122d6f37c,
6dbbda6130,
03a1e55928,
8c59425b6a,
f18f343282,12462 17 170159 7
fa435b73fb,
43b738e946,9394 19 12431 22 144788 8
86b8c2477e,
bcd857a553,12439 5
fd3c96c294,
6c01ed3246,9425 6 12452 27 17298 13 32290 18
420fc5de8a,7605 9
574a42dcef,9397 2 12434 19
ac4cb4509f,
f31dd642d6,9422 1 12435 17
4e4a3b808d,7592 4 9383 75 12426 52
060c4c8c17,12440 1 14267 3 232200 8
dd5450177f,12434 14
8bb261a339,12462 13
6bb5bafa59,7592 1 9391 21 12433 20
1e2af3747c,12431 25
e29dff053f,
d71e0a744d,9438 2 12463 16
cc9a6dea41,
c100e62b50,9389 19
72f0f055fb,
16c6b6693e,9329 18 9398 2 12433 20 12458 6
0a017b9a53,
2e25967ad1,
4d12069d0f,
45a730969a,9393 8 12436 9
b4580a2412,7605 11 12449 36
1e5a9f30cf,
83d8f89647,7573 25 10639 1 12437 13
9a4c02917b,
a1d6976cda,12431 21 17301 11
4b2151ae63,
d476f181c7,12432 19
9cbf7ed052,
6198fbe59e,9437 2 12457 25
3b818c653d,
ab5fd37f00,12451 29
76895da4ef,9391 23 9422 1 9431 4 12433 22
37d25a9972,7618 18 9425 5
98dfbe75b9,12464 14
9c18d9d724,7589 25 9425 8 9434 7 9449 2 12451 37
1f9e429bc2,
4b3352f929,12437 7
9cc69f57cf,7594 21 12450 28
290bcb9307,9405 20 12451 25
96d318635c,
02f4e7fa85,
7ef1057e0a,9397 10 9411 7 9419 2 12437 16 184074 6 185891 4 187126 1 187128 3 188914 39 190165 6 190739 22 193777 19 209641 8 211451 10 212699 1 214498 18 215738 21 231700 26
bf31c4b170,12463 18
744b843d31,
aa468b9311,9392 18 12435 18
9589f62fdc,
9e58dea8cb,12462 15
13c7465daa,7620 3
aa086b8c00,9393 13 12430 28
945d187c29,
59caa031e7,
2afc617ccd,12465 6
918dfe5071,12438 14
32e0b740d3,9393 25 12427 30
a07b7aba9f,7598 38 10639 21 12470 30
d93547ad01,7597 39 10652 7 12458 18 12480 18
90215618e0,9422 6 12459 16
25598fb493,15793 1 17608 9
ae1ca8d583,7599 20 10641 5 12457 34
09d8784eb9,9417 9 12455 20
e76a96fb71,
587a576234,7575 24 12433 20
59150d1217,12459 26
ff0ddf96f5,9396 10 12436 12 14280 4
bbdd3b258d,7600 22 10654 5 12451 27 12486 2 12492 9
1ce537d890,7594 25 9419 13 10638 12 12455 32 15506 6
fa7ef849ca,9396 1 9408 6 12429 34
f366fd2840,7566 20 12436 12
6582bc566d,
67f45976f4,12435 16
2eb50fa509,7599 18 9415 26 12456 25
